{"shift_fur_colors": {"Black": {"AM": 51, "PM": 52}, "Cinnamon": {"AM": 180, "PM": 212}, "Gray": {"AM": 1087, "PM": 1386}}, "location_stats": {"longitude_range": [-73.98115858076, -73.94972176746], "latitude_range": [40.76491066771, 40.80011851849], "measurement_avg": NaN}}